{
  "train_loss": [
    0.1096861967188449,
    0.06823502736954601,
    0.05405068339814255,
    0.05382897224037285,
    0.04076249158849791,
    0.04223217614612148,
    0.03627921167783942,
    0.03716095766706815,
    0.03233278933855379,
    0.03390226776545947
  ],
  "train_accuracy": [
    0.9133435582822086,
    0.9407592024539877,
    0.9585889570552147,
    0.9574386503067485,
    0.9675996932515337,
    0.9681748466257669,
    0.9720092024539877,
    0.9706671779141104,
    0.9752684049079755,
    0.9741180981595092
  ],
  "val_loss": [
    0.6332022547721863,
    0.1884104311466217,
    0.19037166237831116,
    0.27247005701065063,
    0.1482248604297638,
    0.3215121328830719,
    0.08720965683460236,
    0.08382020890712738,
    0.5777114629745483,
    0.19313248991966248
  ],
  "val_accuracy": [
    0.8125,
    0.75,
    0.875,
    0.8125,
    0.875,
    0.75,
    0.9375,
    0.9375,
    0.75,
    0.9375
  ]
}