{
  "accuracy": 0.8862179487179487,
  "precision": 0.8584269662921349,
  "recall": 0.9794871794871794,
  "f1": 0.9149700598802395,
  "confusion_matrix": [
    [
      171,
      63
    ],
    [
      8,
      382
    ]
  ],
  "roc_auc": 0.9600372561911024
}