{
  "centralized": {
    "accuracy": 0.8653846153846154,
    "precision": 0.8297413793103449,
    "recall": 0.9871794871794872,
    "f1": 0.9016393442622951,
    "confusion_matrix": [
      [
        155,
        79
      ],
      [
        5,
        385
      ]
    ],
    "roc_auc": 0.955002191540653
  },
  "federated": {
    "accuracy": 0.8525641025641025,
    "precision": 0.815677966101695,
    "recall": 0.9871794871794872,
    "f1": 0.8932714617169374,
    "confusion_matrix": [
      [
        147,
        87
      ],
      [
        5,
        385
      ]
    ],
    "roc_auc": 0.9464825772518082
  }
}