{
  "accuracy": 0.8269230769230769,
  "precision": 0.7865853658536586,
  "recall": 0.9923076923076923,
  "f1": 0.8775510204081632,
  "confusion_matrix": [
    [
      129,
      105
    ],
    [
      3,
      387
    ]
  ],
  "roc_auc": 0.94494301994302
}