{
  "train_loss": [
    0.1252205286612452,
    0.0975189347680884,
    0.09288061056003878,
    0.07866880845730051,
    0.07131984114548136,
    0.07049067216205665,
    0.06491266975151092,
    0.060753957824217095,
    0.05832752026123644,
    0.050936157313866935
  ],
  "train_accuracy": [
    0.8960227273630373,
    0.9261363638169838,
    0.9284090910897109,
    0.9381944445046511,
    0.9455808081410148,
    0.9467803030303031,
    0.9486111111713178,
    0.9535353535955602,
    0.9568181818181818,
    0.9606060606060606
  ],
  "val_loss": [
    2.7174699306488037,
    2.7492659091949463,
    2.1335737705230713,
    1.412153720855713,
    1.3049132823944092,
    1.323018193244934,
    0.6073446273803711,
    0.7356712222099304,
    0.6000881195068359,
    0.5941572189331055
  ],
  "val_accuracy": [
    0.5,
    0.5,
    0.5,
    0.625,
    0.6875,
    0.6875,
    0.75,
    0.75,
    0.75,
    0.75
  ]
}